id,location,area_sqft,bedrooms,bathrooms,property_type,age_years,floor,parking,furnished,price_lakhs
1,Mahatma Nagar,2495,4,3,Apartment,6,9,0,Unfurnished,125.21
2,Gangapur Road,2205,4,4,Apartment,20,0,1,Semi-Furnished,131.01
3,Nashik Road,587,1,1,Apartment,14,2,1,Furnished,24.58
4,Gangapur Road,1641,4,2,Apartment,20,1,1,Semi-Furnished,91.95
5,Gangapur Road,2425,4,4,Apartment,9,3,0,Furnished,186.5
6,Gangapur Road,839,2,1,Apartment,15,1,1,Semi-Furnished,61.43
7,Cidco,714,2,1,Apartment,8,7,1,Unfurnished,30.65
8,Nashik Road,1440,4,2,Independent House,8,0,1,Unfurnished,50.96
9,Cidco,1496,3,2,Apartment,4,2,1,Semi-Furnished,75.68
10,Gangapur Road,462,1,1,Independent House,16,0,1,Semi-Furnished,39.08
11,Mahatma Nagar,1109,3,1,Apartment,18,5,1,Semi-Furnished,41.91
12,Mahatma Nagar,1297,3,2,Apartment,0,0,0,Semi-Furnished,65.9
13,Deolali,536,1,1,Apartment,0,2,1,Unfurnished,16.63
14,Gangapur Road,944,2,2,Apartment,16,4,1,Unfurnished,59.75
15,Gangapur Road,1034,2,1,Apartment,1,4,1,Furnished,71.4
16,Ambad,747,2,2,Villa,10,0,1,Furnished,36.71
17,Satpur,1352,3,3,Villa,18,0,1,Unfurnished,69.29
18,Satpur,1100,3,2,Apartment,9,2,0,Unfurnished,42.78
19,Panchavati,953,2,1,Independent House,4,0,1,Semi-Furnished,48.27
20,Trimbak Road,1574,3,3,Apartment,5,7,1,Unfurnished,43.86
21,Gangapur Road,843,2,2,Villa,15,0,1,Unfurnished,56.88
22,Ambad,1409,3,1,Apartment,13,5,1,Semi-Furnished,53.08
23,Mahatma Nagar,1430,3,3,Apartment,15,2,1,Furnished,55.6
24,Trimbak Road,1229,3,1,Apartment,13,4,1,Furnished,34.32
25,Canada Corner,777,2,1,Apartment,9,5,1,Semi-Furnished,42.02
26,Ambad,1195,3,3,Apartment,9,6,1,Unfurnished,43.41
27,Gangapur Road,1461,3,1,Apartment,13,11,1,Unfurnished,89.54
28,College Road,1713,4,2,Independent House,16,0,0,Furnished,117.08
29,College Road,709,2,1,Apartment,4,6,0,Unfurnished,46.06
30,Ambad,2056,4,4,Apartment,18,11,1,Unfurnished,61.11
31,Dwarka,1007,3,1,Independent House,14,0,1,Semi-Furnished,51.8
32,Nashik Road,803,2,2,Apartment,4,5,0,Unfurnished,25.04
33,Gangapur Road,1153,3,1,Apartment,15,4,1,Unfurnished,69.8
34,Gangapur Road,796,2,2,Apartment,0,7,1,Unfurnished,51.22
35,Gangapur Road,1329,3,3,Apartment,18,10,1,Semi-Furnished,97.75
36,Gangapur Road,739,2,2,Apartment,18,8,1,Semi-Furnished,45.77
37,Gangapur Road,898,2,1,Apartment,4,8,1,Semi-Furnished,70.14
38,Deolali,1474,3,1,Villa,2,0,0,Furnished,71.02
39,Deolali,668,2,1,Apartment,11,8,1,Semi-Furnished,26.95
40,Gangapur Road,424,1,1,Apartment,20,3,1,Furnished,23.69
41,Sinner Road,2132,4,2,Apartment,17,11,1,Furnished,63.18
42,Mahatma Nagar,1466,3,2,Apartment,5,2,1,Furnished,79.53
43,Trimbak Road,1201,3,2,Apartment,11,5,1,Unfurnished,32.58
44,Nashik Road,1310,3,1,Villa,2,0,1,Furnished,69.94
45,Deolali,707,2,2,Apartment,12,4,0,Furnished,28.03
46,Gangapur Road,663,2,1,Apartment,0,4,1,Semi-Furnished,50.67
47,Pathardi Phata,555,1,1,Apartment,3,9,1,Unfurnished,15.86
48,Gangapur Road,861,2,1,Villa,15,0,0,Furnished,79.86
49,Pathardi Phata,1399,3,3,Apartment,17,10,0,Unfurnished,32.68
50,Mahatma Nagar,2088,4,3,Independent House,1,0,0,Unfurnished,87.91
51,Gangapur Road,1594,3,1,Independent House,20,0,1,Semi-Furnished,115.02
52,Canada Corner,1095,2,2,Independent House,7,0,1,Semi-Furnished,64.73
53,Panchavati,1255,3,3,Independent House,11,0,1,Furnished,66.69
54,Canada Corner,651,1,1,Independent House,17,0,1,Semi-Furnished,42.31
55,Cidco,984,2,2,Apartment,9,2,1,Furnished,52.2
56,Cidco,889,2,1,Apartment,14,8,1,Semi-Furnished,42.44
57,College Road,1144,3,1,Independent House,17,0,1,Unfurnished,76.99
58,Panchavati,995,2,2,Independent House,16,0,1,Semi-Furnished,40.6
59,Nashik Road,506,1,1,Independent House,16,0,1,Furnished,25.41
60,Dwarka,1027,3,3,Apartment,12,9,0,Unfurnished,41.17
61,Trimbak Road,923,2,1,Apartment,2,2,0,Unfurnished,25.63
62,College Road,1529,3,1,Apartment,8,1,0,Semi-Furnished,91.47
63,Ambad,691,2,1,Apartment,5,3,1,Semi-Furnished,25.68
64,College Road,761,2,1,Apartment,10,7,1,Unfurnished,47.03
65,Sinner Road,619,1,1,Independent House,14,0,1,Unfurnished,16.27
66,Nashik Road,782,2,2,Apartment,3,2,0,Semi-Furnished,31.69
67,Ambad,1088,3,2,Independent House,12,0,1,Unfurnished,40.63
68,Canada Corner,1499,3,1,Apartment,16,4,1,Furnished,76.58
69,Pathardi Phata,650,2,1,Villa,7,0,1,Furnished,30.77
70,Satpur,2465,4,1,Apartment,7,7,1,Semi-Furnished,94.89
71,Ambad,794,2,1,Independent House,1,0,1,Furnished,39.62
72,Cidco,414,1,1,Independent House,0,0,1,Furnished,30.62
73,Cidco,938,2,1,Apartment,1,9,1,Furnished,47.49
74,Nashik Road,910,2,2,Apartment,3,11,1,Unfurnished,35.91
75,Ambad,1203,3,3,Independent House,5,0,0,Semi-Furnished,47.79
76,College Road,510,1,1,Villa,10,0,1,Semi-Furnished,46.51
77,Ambad,936,2,2,Villa,18,0,1,Furnished,54.89
78,Mahatma Nagar,536,1,1,Apartment,20,9,1,Semi-Furnished,25.66
79,Cidco,996,2,2,Apartment,10,10,1,Unfurnished,44.01
80,Mahatma Nagar,1105,3,2,Apartment,16,6,1,Semi-Furnished,50.58
81,Panchavati,906,2,1,Apartment,18,10,1,Unfurnished,37.62
82,Nashik Road,824,2,1,Apartment,16,1,1,Furnished,27.73
83,Gangapur Road,1407,3,2,Independent House,1,0,1,Unfurnished,95.61
84,Canada Corner,904,2,1,Apartment,14,4,0,Semi-Furnished,44.75
85,Gangapur Road,937,2,2,Independent House,10,0,1,Furnished,66.8
86,Satpur,1096,3,1,Apartment,18,3,1,Semi-Furnished,43.36
87,Cidco,1420,3,3,Apartment,19,4,1,Furnished,65.02
88,Nashik Road,1527,4,3,Apartment,17,2,1,Semi-Furnished,59.71
89,Canada Corner,953,3,2,Apartment,12,1,1,Unfurnished,53.66
90,Panchavati,1537,3,2,Apartment,9,5,0,Furnished,80.22
91,Nashik Road,1404,3,1,Apartment,16,9,1,Furnished,55.55
92,Gangapur Road,1461,3,3,Independent House,6,0,1,Furnished,117.9
93,College Road,685,2,2,Apartment,18,2,1,Furnished,47.63
94,Cidco,866,2,1,Villa,7,0,1,Unfurnished,64.57
95,Satpur,661,2,2,Apartment,11,10,1,Unfurnished,28.43
96,Trimbak Road,1030,3,1,Villa,15,0,1,Unfurnished,36.87
97,Sinner Road,2177,4,3,Apartment,16,6,1,Semi-Furnished,49.36
98,College Road,731,2,1,Villa,19,0,1,Unfurnished,58.33
99,Nashik Road,950,2,2,Apartment,4,10,1,Semi-Furnished,35.22
100,Cidco,1375,3,1,Independent House,1,0,0,Furnished,73.16
101,Trimbak Road,745,2,2,Independent House,6,0,0,Unfurnished,21.1
102,Nashik Road,915,2,1,Apartment,6,3,1,Unfurnished,29.11
103,Cidco,942,2,2,Apartment,0,4,1,Semi-Furnished,50.08
104,Pathardi Phata,875,2,1,Apartment,19,3,0,Furnished,24.16
105,Nashik Road,756,2,2,Apartment,8,0,1,Furnished,36.74
106,Nashik Road,1068,2,1,Independent House,16,0,0,Furnished,39.25
107,Canada Corner,717,2,1,Apartment,1,10,1,Unfurnished,40.73
108,Panchavati,523,1,1,Apartment,7,10,1,Semi-Furnished,22.51
109,Satpur,480,1,1,Apartment,12,2,1,Unfurnished,19.51
110,Indira Nagar,1520,3,1,Independent House,8,0,1,Unfurnished,62.01
111,Satpur,884,2,1,Independent House,18,0,1,Unfurnished,38.56
112,Canada Corner,695,2,1,Apartment,8,0,0,Semi-Furnished,33.86
113,Indira Nagar,473,1,1,Apartment,1,11,1,Furnished,19.05
114,Cidco,1350,3,2,Apartment,0,5,1,Unfurnished,75.04
115,Sinner Road,1330,3,3,Apartment,10,0,1,Semi-Furnished,36.82
116,Sinner Road,688,2,1,Apartment,10,3,1,Furnished,17.71
117,Deolali,2388,4,4,Independent House,15,0,1,Furnished,97.72
118,Ambad,1473,3,3,Apartment,11,10,1,Unfurnished,54.82
119,Indira Nagar,1336,3,3,Independent House,11,0,0,Furnished,54.91
120,College Road,635,1,1,Apartment,8,5,0,Unfurnished,39.08
121,Cidco,1013,3,3,Apartment,7,4,0,Semi-Furnished,46.0
122,Satpur,1374,3,2,Apartment,18,7,0,Unfurnished,47.18
123,Gangapur Road,797,2,2,Apartment,7,1,1,Semi-Furnished,46.28
124,Nashik Road,1092,3,2,Apartment,11,0,1,Unfurnished,45.27
125,Nashik Road,1319,3,1,Independent House,7,0,1,Furnished,62.9
126,Dwarka,963,3,1,Apartment,11,6,1,Semi-Furnished,44.36
127,Dwarka,1580,3,1,Apartment,18,11,1,Semi-Furnished,60.33
128,Canada Corner,1156,3,1,Apartment,11,0,1,Semi-Furnished,70.78
129,Cidco,1093,2,2,Apartment,16,2,1,Semi-Furnished,51.47
130,Nashik Road,1929,4,4,Villa,14,0,0,Furnished,94.3
131,Nashik Road,1283,3,2,Apartment,4,4,0,Semi-Furnished,43.83
132,Nashik Road,1094,3,3,Apartment,1,2,1,Unfurnished,44.53
133,Sinner Road,659,2,1,Apartment,13,9,1,Semi-Furnished,16.65
134,Canada Corner,770,2,2,Villa,14,0,1,Semi-Furnished,64.51
135,Nashik Road,1283,3,3,Apartment,4,3,0,Semi-Furnished,44.6
136,Satpur,865,2,2,Villa,1,0,1,Furnished,50.84
137,Panchavati,989,2,2,Apartment,12,3,1,Unfurnished,43.64
138,Dwarka,1124,3,2,Villa,10,0,1,Semi-Furnished,65.77
139,Nashik Road,688,1,1,Villa,15,0,1,Semi-Furnished,36.2
140,Cidco,1534,3,1,Apartment,8,10,1,Semi-Furnished,71.87
141,Indira Nagar,1228,3,1,Apartment,10,0,0,Semi-Furnished,32.8
142,Mahatma Nagar,1422,3,1,Apartment,16,2,0,Unfurnished,53.68
143,Satpur,952,3,2,Apartment,7,1,1,Unfurnished,35.36
144,Panchavati,1275,3,3,Villa,11,0,1,Unfurnished,57.72
145,Satpur,1000,3,1,Apartment,20,5,0,Unfurnished,34.04
146,Pathardi Phata,793,2,2,Apartment,17,1,1,Semi-Furnished,18.95
147,Satpur,808,2,1,Villa,16,0,1,Unfurnished,42.1
148,Gangapur Road,1090,3,3,Villa,20,0,1,Unfurnished,78.74
149,Mahatma Nagar,1103,3,1,Apartment,3,1,1,Furnished,58.72
150,Dwarka,757,2,1,Independent House,20,0,0,Unfurnished,32.11
151,Nashik Road,727,2,2,Villa,1,0,1,Semi-Furnished,46.23
152,Gangapur Road,668,2,2,Villa,5,0,1,Unfurnished,49.99
153,Trimbak Road,1002,2,2,Apartment,8,6,0,Semi-Furnished,26.3
154,Panchavati,1016,3,2,Apartment,2,5,1,Furnished,55.13
155,Ambad,799,2,2,Apartment,3,4,0,Semi-Furnished,25.98
156,Dwarka,1349,3,1,Villa,19,0,1,Semi-Furnished,63.53
157,Gangapur Road,1582,3,1,Villa,19,0,1,Unfurnished,130.6
158,Ambad,550,1,1,Apartment,1,8,0,Furnished,23.6
159,Cidco,803,2,1,Villa,5,0,1,Semi-Furnished,64.05
160,Mahatma Nagar,1411,3,2,Independent House,15,0,0,Furnished,68.55
161,Gangapur Road,855,2,1,Independent House,9,0,1,Unfurnished,73.89
162,Ambad,1074,2,1,Independent House,12,0,1,Unfurnished,35.17
163,Sinner Road,777,2,2,Apartment,12,3,1,Unfurnished,21.31
164,College Road,665,1,1,Apartment,10,1,0,Semi-Furnished,47.28
165,Canada Corner,555,1,1,Apartment,18,6,1,Unfurnished,31.52
166,Cidco,1180,3,2,Villa,4,0,1,Semi-Furnished,75.47
167,Mahatma Nagar,1547,3,1,Independent House,1,0,0,Semi-Furnished,94.37
168,College Road,1162,3,1,Independent House,12,0,1,Furnished,100.7
169,College Road,1054,2,1,Independent House,20,0,1,Unfurnished,55.97
170,Mahatma Nagar,691,2,1,Independent House,8,0,0,Semi-Furnished,38.72
171,Indira Nagar,496,1,1,Independent House,7,0,1,Semi-Furnished,23.66
172,Gangapur Road,718,2,1,Villa,0,0,1,Unfurnished,59.32
173,Satpur,966,3,3,Independent House,20,0,1,Semi-Furnished,43.36
174,Panchavati,1499,3,2,Apartment,15,11,1,Furnished,60.29
175,Satpur,691,1,1,Villa,13,0,0,Furnished,35.03
176,College Road,1023,2,2,Apartment,15,11,0,Unfurnished,49.89
177,Nashik Road,523,1,1,Apartment,17,5,1,Furnished,22.26
178,Trimbak Road,667,2,1,Villa,20,0,1,Semi-Furnished,27.42
179,Gangapur Road,884,2,2,Apartment,12,1,0,Semi-Furnished,48.58
180,College Road,820,2,2,Independent House,0,0,1,Unfurnished,61.31
181,Trimbak Road,1060,3,1,Apartment,15,7,0,Semi-Furnished,36.02
182,Indira Nagar,1054,2,2,Villa,6,0,1,Semi-Furnished,47.1
183,Panchavati,1515,3,2,Independent House,13,0,0,Furnished,70.8
184,Cidco,1081,3,1,Apartment,3,3,1,Unfurnished,46.26
185,Gangapur Road,687,2,2,Apartment,12,3,1,Furnished,48.83
186,Ambad,423,1,1,Villa,17,0,1,Unfurnished,18.67
187,College Road,1263,3,2,Villa,3,0,1,Semi-Furnished,93.84
188,Canada Corner,1252,3,3,Independent House,12,0,0,Semi-Furnished,78.28
189,College Road,1027,3,3,Villa,6,0,1,Semi-Furnished,78.2
190,Cidco,1946,4,2,Apartment,18,4,1,Unfurnished,84.16
191,Dwarka,659,1,1,Apartment,6,1,1,Furnished,26.53
192,Mahatma Nagar,1947,4,1,Apartment,11,9,1,Unfurnished,77.8
193,Canada Corner,755,2,2,Independent House,5,0,0,Semi-Furnished,43.45
194,Mahatma Nagar,1048,2,1,Apartment,10,3,0,Furnished,45.76
195,Deolali,1262,3,2,Apartment,20,1,0,Semi-Furnished,32.64
196,Pathardi Phata,1824,4,1,Apartment,20,3,1,Unfurnished,45.0
197,Sinner Road,1091,2,2,Apartment,6,5,1,Semi-Furnished,26.61
198,Satpur,747,2,2,Independent House,18,0,1,Semi-Furnished,27.75
199,Indira Nagar,892,2,2,Independent House,6,0,1,Semi-Furnished,38.65
200,Canada Corner,1457,4,4,Independent House,16,0,0,Unfurnished,82.78
201,Trimbak Road,876,2,2,Apartment,19,6,1,Semi-Furnished,30.24
202,Cidco,1546,3,1,Apartment,8,7,1,Semi-Furnished,76.27
203,Nashik Road,763,2,1,Apartment,5,0,1,Unfurnished,28.1
204,Indira Nagar,1943,4,3,Apartment,10,6,1,Semi-Furnished,80.08
205,Satpur,872,2,2,Villa,4,0,1,Semi-Furnished,50.92
206,College Road,1383,3,2,Apartment,11,8,1,Furnished,90.43
207,Panchavati,1226,3,2,Apartment,0,4,1,Furnished,64.49
208,Nashik Road,1238,3,3,Apartment,15,1,1,Semi-Furnished,40.25
209,Deolali,896,2,2,Apartment,2,3,1,Unfurnished,29.02
210,Ambad,1950,4,1,Independent House,12,0,1,Semi-Furnished,89.24
211,College Road,687,2,2,Apartment,20,7,0,Semi-Furnished,41.93
212,Dwarka,501,1,1,Apartment,15,8,1,Furnished,26.43
213,Gangapur Road,2496,4,3,Apartment,18,3,0,Semi-Furnished,149.45
214,Gangapur Road,791,2,1,Apartment,2,8,1,Semi-Furnished,50.9
215,Deolali,1547,3,2,Independent House,15,0,0,Furnished,51.14
216,Gangapur Road,1150,3,3,Independent House,3,0,1,Unfurnished,100.59
217,Satpur,475,1,1,Apartment,14,8,1,Unfurnished,18.59
218,Satpur,1025,3,2,Apartment,11,1,1,Semi-Furnished,43.4
219,Mahatma Nagar,1522,3,2,Apartment,7,2,1,Furnished,72.55
220,Cidco,838,2,1,Apartment,13,0,0,Unfurnished,30.09
221,Cidco,1267,3,1,Apartment,8,8,1,Unfurnished,67.25
222,Gangapur Road,1282,3,2,Independent House,12,0,1,Semi-Furnished,95.79
223,Ambad,1250,3,1,Villa,4,0,0,Semi-Furnished,55.91
224,College Road,1069,2,1,Apartment,18,11,1,Furnished,67.4
225,Ambad,754,2,1,Villa,18,0,1,Unfurnished,35.54
226,Ambad,401,1,1,Apartment,2,7,1,Semi-Furnished,17.92
227,Gangapur Road,862,2,1,Independent House,5,0,1,Semi-Furnished,65.36
228,Indira Nagar,937,2,2,Independent House,11,0,1,Semi-Furnished,34.01
229,Mahatma Nagar,1239,3,1,Apartment,4,6,0,Furnished,62.84
230,Cidco,525,1,1,Apartment,16,5,1,Semi-Furnished,29.33
231,Panchavati,512,1,1,Apartment,4,7,1,Semi-Furnished,20.97
232,Cidco,644,1,1,Apartment,4,9,0,Furnished,31.88
233,Trimbak Road,1318,3,1,Apartment,14,3,0,Furnished,44.04
234,Panchavati,1028,2,1,Independent House,2,0,1,Unfurnished,46.24
235,Cidco,788,2,2,Apartment,18,0,1,Unfurnished,31.34
236,Sinner Road,1114,3,2,Villa,7,0,0,Semi-Furnished,38.3
237,Canada Corner,1666,4,1,Apartment,14,11,0,Semi-Furnished,94.85
238,Dwarka,469,1,1,Apartment,18,9,1,Semi-Furnished,22.86
239,Mahatma Nagar,1095,2,1,Independent House,14,0,1,Furnished,56.86
240,Dwarka,1314,3,3,Apartment,8,7,1,Semi-Furnished,67.81
241,Gangapur Road,962,3,3,Independent House,15,0,1,Furnished,69.44
242,Satpur,1496,3,1,Apartment,14,2,1,Semi-Furnished,60.02
243,Gangapur Road,1498,3,1,Villa,4,0,0,Furnished,161.7
244,Ambad,422,1,1,Apartment,13,3,1,Unfurnished,14.39
245,Indira Nagar,1444,4,2,Independent House,5,0,1,Unfurnished,55.01
246,Gangapur Road,1064,2,1,Apartment,6,2,1,Furnished,76.55
247,Cidco,1050,2,1,Villa,20,0,0,Unfurnished,53.9
248,Ambad,959,3,2,Independent House,19,0,1,Semi-Furnished,37.15
249,Cidco,840,2,2,Apartment,7,1,1,Unfurnished,43.64
250,Mahatma Nagar,640,1,1,Apartment,17,5,1,Unfurnished,28.88
251,Canada Corner,1582,3,1,Apartment,18,8,1,Unfurnished,91.72
252,Mahatma Nagar,1800,4,1,Villa,0,0,1,Furnished,130.03
253,Canada Corner,1485,3,1,Independent House,16,0,1,Furnished,92.24
254,Mahatma Nagar,1252,3,3,Apartment,13,2,1,Unfurnished,53.48
255,Deolali,1278,3,1,Independent House,0,0,1,Furnished,50.23
256,Dwarka,1201,3,1,Apartment,12,8,1,Furnished,55.77
257,Satpur,929,2,2,Independent House,16,0,0,Semi-Furnished,37.67
258,Nashik Road,570,1,1,Independent House,5,0,1,Semi-Furnished,22.94
259,College Road,1124,3,2,Independent House,1,0,0,Semi-Furnished,80.61
260,Canada Corner,1322,3,3,Villa,6,0,1,Semi-Furnished,104.27
261,Nashik Road,863,2,1,Apartment,7,2,1,Furnished,39.0
262,Nashik Road,2007,4,3,Villa,10,0,1,Unfurnished,89.09
263,Canada Corner,425,1,1,Independent House,12,0,1,Furnished,32.22
264,Indira Nagar,1615,4,2,Villa,14,0,0,Semi-Furnished,70.06
265,Pathardi Phata,897,2,1,Apartment,17,5,1,Unfurnished,23.32
266,Indira Nagar,951,2,2,Apartment,2,5,1,Unfurnished,29.12
267,Sinner Road,1441,3,3,Independent House,15,0,1,Semi-Furnished,38.65
268,Dwarka,1710,4,3,Apartment,17,9,0,Furnished,78.95
269,Mahatma Nagar,1194,3,3,Independent House,1,0,1,Unfurnished,63.47
270,Satpur,891,2,2,Independent House,11,0,0,Unfurnished,31.95
271,Pathardi Phata,865,2,1,Independent House,7,0,1,Semi-Furnished,25.19
272,Satpur,664,1,1,Apartment,1,2,1,Semi-Furnished,27.99
273,Gangapur Road,498,1,1,Independent House,13,0,1,Furnished,40.71
274,Trimbak Road,1215,3,3,Independent House,8,0,0,Unfurnished,34.7
275,Deolali,717,2,1,Apartment,10,7,1,Semi-Furnished,28.78
276,Pathardi Phata,1411,3,1,Independent House,9,0,1,Semi-Furnished,40.27
277,Cidco,1443,3,2,Apartment,3,9,1,Semi-Furnished,74.06
278,Satpur,953,3,2,Apartment,16,6,0,Unfurnished,36.73
279,Mahatma Nagar,962,2,1,Apartment,5,4,1,Unfurnished,40.03
280,Gangapur Road,687,2,2,Villa,3,0,1,Furnished,67.68
281,Cidco,1155,3,3,Apartment,15,10,1,Semi-Furnished,49.91
282,Mahatma Nagar,851,2,2,Apartment,1,8,1,Semi-Furnished,43.44
283,Pathardi Phata,1051,3,3,Independent House,18,0,1,Furnished,38.2
284,Pathardi Phata,1458,3,3,Independent House,16,0,0,Unfurnished,36.09
285,Canada Corner,1464,3,1,Apartment,16,11,1,Semi-Furnished,86.74
286,Mahatma Nagar,2250,4,1,Independent House,2,0,0,Semi-Furnished,121.5
287,Dwarka,1062,2,1,Independent House,0,0,1,Unfurnished,52.96
288,Indira Nagar,1504,3,3,Independent House,19,0,1,Semi-Furnished,52.05
289,Panchavati,605,1,1,Villa,2,0,1,Furnished,42.42
290,Gangapur Road,932,2,1,Apartment,5,0,1,Furnished,70.02
291,Mahatma Nagar,418,1,1,Villa,1,0,0,Semi-Furnished,30.45
292,College Road,1426,3,2,Apartment,17,9,1,Unfurnished,80.71
293,College Road,967,2,2,Apartment,17,9,1,Unfurnished,54.79
294,Ambad,1115,3,2,Independent House,10,0,1,Unfurnished,51.44
295,Dwarka,1545,3,3,Apartment,1,4,0,Furnished,69.84
296,Nashik Road,708,2,2,Apartment,3,0,0,Semi-Furnished,29.85
297,Canada Corner,2290,4,1,Independent House,3,0,1,Semi-Furnished,145.61
298,Dwarka,2496,4,4,Independent House,9,0,1,Unfurnished,120.33
299,Ambad,990,2,2,Independent House,14,0,1,Semi-Furnished,43.99
300,Satpur,817,2,2,Villa,20,0,1,Semi-Furnished,35.13
301,Canada Corner,939,2,2,Apartment,17,2,0,Semi-Furnished,48.21
302,Trimbak Road,1092,2,2,Apartment,13,2,1,Semi-Furnished,34.95
303,Gangapur Road,1039,2,1,Independent House,6,0,1,Semi-Furnished,90.6
304,Satpur,879,2,2,Apartment,3,1,1,Furnished,36.46
305,Cidco,854,2,1,Apartment,6,10,1,Furnished,45.45
306,Canada Corner,1062,2,2,Apartment,9,11,1,Furnished,73.21
307,College Road,789,2,2,Apartment,9,6,1,Semi-Furnished,44.25
308,Indira Nagar,1126,3,2,Apartment,6,0,1,Furnished,38.87
309,Cidco,1075,2,1,Independent House,11,0,1,Semi-Furnished,59.45
310,College Road,1573,3,3,Apartment,16,6,0,Semi-Furnished,95.93
311,Panchavati,1063,2,1,Apartment,10,9,1,Unfurnished,47.38
312,Cidco,895,2,1,Apartment,14,11,1,Furnished,46.2
313,Trimbak Road,1398,3,3,Apartment,1,2,1,Semi-Furnished,40.29
314,Pathardi Phata,931,2,2,Apartment,12,4,1,Semi-Furnished,31.42
315,Indira Nagar,1486,3,3,Villa,2,0,1,Semi-Furnished,78.39
316,Deolali,1313,3,3,Apartment,8,6,1,Unfurnished,49.85
317,Dwarka,429,1,1,Villa,17,0,1,Unfurnished,21.29
318,Sinner Road,448,1,1,Apartment,1,5,1,Furnished,14.05
319,Canada Corner,689,2,2,Apartment,3,10,1,Unfurnished,42.1
320,Deolali,773,2,1,Apartment,14,8,1,Semi-Furnished,27.61
321,Mahatma Nagar,1304,3,1,Villa,11,0,1,Unfurnished,68.32
322,Ambad,1439,3,2,Apartment,9,11,1,Semi-Furnished,50.81
323,Cidco,1035,2,1,Apartment,11,9,1,Unfurnished,44.54
324,Satpur,1454,3,2,Apartment,5,2,1,Unfurnished,49.58
325,Satpur,1040,2,2,Apartment,6,4,1,Furnished,47.25
326,Mahatma Nagar,814,2,1,Apartment,5,4,1,Furnished,43.02
327,Indira Nagar,836,2,2,Apartment,6,7,1,Unfurnished,34.56
328,Cidco,836,2,1,Independent House,10,0,0,Unfurnished,38.13
329,Gangapur Road,513,1,1,Villa,3,0,0,Furnished,55.55
330,Deolali,1017,3,1,Independent House,18,0,1,Semi-Furnished,37.11
331,Nashik Road,2393,4,2,Apartment,4,10,1,Semi-Furnished,101.43
332,Panchavati,2313,4,1,Apartment,17,7,1,Unfurnished,90.81
333,Satpur,1013,3,2,Independent House,0,0,0,Semi-Furnished,46.86
334,College Road,511,1,1,Apartment,10,11,1,Semi-Furnished,38.78
335,Pathardi Phata,1387,3,2,Apartment,7,11,1,Unfurnished,32.8
336,Trimbak Road,1468,3,2,Apartment,14,7,0,Semi-Furnished,39.5
337,Indira Nagar,1864,4,4,Villa,7,0,1,Furnished,77.05
338,Satpur,1443,3,1,Apartment,17,6,0,Unfurnished,45.79
339,Canada Corner,451,1,1,Apartment,19,2,1,Unfurnished,20.36
340,Satpur,709,2,2,Independent House,16,0,1,Unfurnished,30.98
341,Trimbak Road,1332,3,2,Independent House,1,0,1,Semi-Furnished,54.79
342,Cidco,761,2,2,Apartment,16,0,1,Unfurnished,36.19
343,Mahatma Nagar,738,2,1,Apartment,18,11,1,Furnished,33.67
344,Canada Corner,850,2,2,Apartment,11,5,1,Semi-Furnished,55.42
345,Cidco,873,2,1,Apartment,12,0,1,Semi-Furnished,45.01
346,Sinner Road,1885,4,1,Apartment,20,2,0,Unfurnished,46.09
347,Cidco,1646,4,4,Apartment,5,2,1,Furnished,79.79
348,Sinner Road,686,1,1,Apartment,19,6,1,Furnished,21.27
349,Gangapur Road,1087,2,1,Apartment,0,0,1,Unfurnished,85.08
350,Indira Nagar,1446,3,1,Independent House,15,0,1,Furnished,58.63
351,Pathardi Phata,743,2,2,Apartment,10,4,1,Unfurnished,21.06
352,Indira Nagar,579,1,1,Apartment,19,8,1,Unfurnished,17.7
353,Canada Corner,636,1,1,Apartment,7,7,1,Semi-Furnished,41.0
354,Satpur,870,2,2,Independent House,7,0,1,Semi-Furnished,33.87
355,Deolali,1082,2,1,Apartment,10,7,0,Furnished,41.14
356,Nashik Road,977,3,2,Independent House,4,0,1,Semi-Furnished,41.95
357,Sinner Road,687,1,1,Apartment,3,6,1,Furnished,20.56
358,Gangapur Road,1846,4,1,Independent House,15,0,1,Unfurnished,109.26
359,Ambad,791,2,1,Apartment,1,2,0,Semi-Furnished,31.51
360,Nashik Road,1863,4,1,Independent House,2,0,0,Semi-Furnished,83.58
361,Mahatma Nagar,1081,3,3,Apartment,15,0,1,Semi-Furnished,52.93
362,College Road,943,2,2,Villa,13,0,1,Semi-Furnished,67.22
363,Panchavati,1870,4,4,Villa,17,0,0,Furnished,105.08
364,Nashik Road,1902,4,4,Apartment,4,9,1,Semi-Furnished,71.6
365,Canada Corner,639,1,1,Independent House,7,0,0,Semi-Furnished,40.13
366,Pathardi Phata,1555,3,2,Apartment,20,7,1,Unfurnished,33.82
367,Dwarka,1034,2,1,Apartment,9,5,1,Semi-Furnished,39.22
368,Gangapur Road,1115,3,1,Apartment,13,5,1,Unfurnished,60.86
369,Ambad,1194,3,3,Apartment,5,4,1,Semi-Furnished,41.51
370,College Road,1337,3,2,Apartment,13,6,1,Unfurnished,79.0
371,Satpur,499,1,1,Villa,15,0,0,Unfurnished,22.6
372,Panchavati,1017,2,1,Apartment,3,7,0,Furnished,41.84
373,Mahatma Nagar,843,2,1,Apartment,7,7,1,Unfurnished,37.37
374,Mahatma Nagar,935,2,2,Independent House,17,0,0,Furnished,44.83
375,Dwarka,1402,3,3,Apartment,13,11,1,Furnished,64.62
376,Cidco,1396,3,3,Apartment,10,10,1,Furnished,67.39
377,Cidco,1240,3,2,Independent House,19,0,1,Semi-Furnished,58.81
378,Cidco,732,2,2,Independent House,4,0,1,Semi-Furnished,40.35
379,College Road,723,2,1,Independent House,13,0,1,Unfurnished,38.63
380,Canada Corner,613,1,1,Independent House,16,0,0,Furnished,45.53
381,Mahatma Nagar,671,1,1,Apartment,17,2,0,Semi-Furnished,23.18
382,Gangapur Road,1591,3,1,Apartment,14,7,1,Semi-Furnished,108.57
383,Dwarka,1012,3,1,Apartment,3,4,0,Unfurnished,37.21
384,Cidco,720,2,2,Apartment,4,2,1,Semi-Furnished,37.27
385,Canada Corner,934,2,1,Apartment,5,3,1,Unfurnished,45.81
386,Indira Nagar,870,2,2,Apartment,19,3,1,Unfurnished,24.62
387,Trimbak Road,1237,3,1,Independent House,17,0,0,Semi-Furnished,40.21
388,College Road,1033,2,1,Independent House,20,0,1,Unfurnished,56.19
389,Mahatma Nagar,922,2,2,Apartment,15,6,1,Semi-Furnished,44.35
390,Ambad,909,2,2,Apartment,10,7,0,Furnished,30.72
391,College Road,1265,3,2,Apartment,19,5,0,Unfurnished,63.29
392,Satpur,1370,3,3,Villa,12,0,1,Furnished,65.78
393,Cidco,661,2,2,Apartment,11,9,0,Unfurnished,27.57
394,Dwarka,1060,2,2,Villa,13,0,1,Furnished,64.18
395,Gangapur Road,983,2,2,Independent House,13,0,1,Furnished,66.99
396,Deolali,1144,3,2,Apartment,12,10,0,Furnished,39.68
397,College Road,847,2,2,Villa,16,0,1,Semi-Furnished,62.79
398,College Road,905,2,2,Independent House,14,0,1,Unfurnished,55.56
399,College Road,687,1,1,Independent House,19,0,1,Semi-Furnished,41.06
400,Mahatma Nagar,778,2,1,Apartment,10,6,1,Semi-Furnished,36.45
401,Sinner Road,1007,3,1,Apartment,0,0,1,Furnished,33.88
402,Satpur,611,1,1,Villa,8,0,1,Semi-Furnished,35.46
403,Indira Nagar,1035,3,1,Apartment,14,4,1,Unfurnished,28.5
404,Cidco,669,2,1,Villa,15,0,0,Semi-Furnished,41.2
405,Canada Corner,1472,3,3,Apartment,10,2,1,Unfurnished,78.06
406,Mahatma Nagar,1273,3,1,Apartment,5,11,1,Furnished,58.96
407,Gangapur Road,1515,3,2,Apartment,3,10,1,Semi-Furnished,107.17
408,Cidco,1487,3,1,Independent House,18,0,0,Unfurnished,60.34
409,Panchavati,637,1,1,Apartment,12,7,1,Unfurnished,27.03
410,Dwarka,927,2,1,Apartment,16,8,0,Unfurnished,34.18
411,College Road,1462,3,1,Apartment,1,3,1,Unfurnished,78.83
412,Nashik Road,941,2,1,Apartment,10,10,1,Unfurnished,32.51
413,Panchavati,1209,3,3,Villa,6,0,1,Furnished,80.9
414,Satpur,1039,3,2,Apartment,6,0,1,Furnished,41.14
415,Nashik Road,1050,3,3,Apartment,4,8,1,Unfurnished,47.88
416,Gangapur Road,839,2,1,Apartment,1,3,0,Unfurnished,47.38
417,College Road,1070,2,2,Independent House,11,0,0,Furnished,81.28
418,Indira Nagar,1083,3,3,Apartment,20,6,0,Furnished,33.29
419,Mahatma Nagar,664,1,1,Apartment,4,6,1,Unfurnished,36.01
420,Gangapur Road,665,1,1,Apartment,14,2,0,Semi-Furnished,39.43
421,Dwarka,771,2,1,Apartment,3,2,0,Unfurnished,32.92
422,Panchavati,1726,4,1,Apartment,5,1,0,Semi-Furnished,79.64
423,Gangapur Road,2351,4,2,Apartment,17,11,1,Furnished,178.75
424,Gangapur Road,2057,4,3,Villa,18,0,1,Furnished,180.3
425,Nashik Road,648,1,1,Apartment,2,9,1,Semi-Furnished,26.55
426,College Road,1319,3,2,Apartment,11,1,1,Semi-Furnished,87.5
427,Satpur,1632,4,1,Villa,10,0,1,Unfurnished,81.68
428,Nashik Road,1202,3,3,Apartment,4,9,1,Semi-Furnished,52.8
429,Nashik Road,1477,3,2,Villa,2,0,1,Unfurnished,69.18
430,Dwarka,726,2,2,Apartment,14,0,1,Unfurnished,26.09
431,Gangapur Road,1084,3,3,Independent House,19,0,1,Unfurnished,76.14
432,College Road,750,2,2,Independent House,16,0,1,Unfurnished,42.65
433,Trimbak Road,1078,2,2,Apartment,1,7,0,Semi-Furnished,29.66
434,Canada Corner,1378,3,1,Apartment,10,1,1,Semi-Furnished,85.09
435,Ambad,2465,4,1,Apartment,1,11,1,Semi-Furnished,94.0
436,Deolali,659,2,1,Apartment,19,1,1,Semi-Furnished,23.22
437,Satpur,1103,3,1,Independent House,15,0,1,Semi-Furnished,49.42
438,Indira Nagar,508,1,1,Villa,8,0,1,Unfurnished,22.4
439,Canada Corner,947,2,1,Independent House,12,0,1,Unfurnished,61.07
440,Canada Corner,1578,4,3,Independent House,17,0,1,Unfurnished,78.85
441,Dwarka,1531,3,3,Apartment,2,1,0,Unfurnished,66.79
442,Indira Nagar,1166,3,3,Apartment,2,6,0,Semi-Furnished,44.0
443,Gangapur Road,1181,3,3,Independent House,17,0,1,Furnished,98.11
444,Satpur,2085,4,1,Villa,18,0,1,Unfurnished,83.93
445,Dwarka,453,1,1,Villa,7,0,1,Unfurnished,28.82
446,Gangapur Road,1328,3,3,Villa,12,0,0,Semi-Furnished,112.44
447,Deolali,772,2,1,Independent House,20,0,1,Semi-Furnished,30.18
448,Sinner Road,2010,4,3,Independent House,15,0,1,Semi-Furnished,65.03
449,College Road,984,2,2,Apartment,14,1,1,Unfurnished,52.47
450,Mahatma Nagar,621,1,1,Independent House,12,0,1,Semi-Furnished,30.54
451,Panchavati,1064,2,1,Apartment,5,7,1,Semi-Furnished,46.96
452,Mahatma Nagar,1255,3,1,Villa,16,0,0,Unfurnished,60.61
453,Pathardi Phata,1339,3,2,Apartment,4,4,1,Unfurnished,29.72
454,Gangapur Road,2073,4,4,Apartment,5,10,0,Semi-Furnished,160.94
455,Dwarka,659,1,1,Apartment,10,10,1,Semi-Furnished,26.12
456,Indira Nagar,820,2,1,Villa,9,0,1,Furnished,41.98
457,Panchavati,470,1,1,Apartment,9,6,1,Unfurnished,21.98
458,Gangapur Road,833,2,1,Independent House,19,0,1,Unfurnished,53.56
459,Canada Corner,482,1,1,Apartment,2,5,1,Furnished,34.84
460,Ambad,1797,4,2,Villa,14,0,1,Unfurnished,82.31
461,Gangapur Road,2296,4,1,Independent House,5,0,0,Furnished,173.66
462,Deolali,464,1,1,Independent House,10,0,0,Furnished,21.49
463,Nashik Road,951,2,2,Independent House,13,0,1,Unfurnished,41.35
464,Indira Nagar,1387,3,1,Apartment,5,2,1,Semi-Furnished,39.87
465,Pathardi Phata,2374,4,2,Villa,4,0,0,Furnished,82.26
466,Indira Nagar,716,2,1,Apartment,1,0,1,Furnished,32.74
467,Indira Nagar,400,1,1,Apartment,19,5,1,Unfurnished,13.83
468,Canada Corner,956,2,2,Villa,15,0,1,Semi-Furnished,76.44
469,Dwarka,1588,3,2,Apartment,6,8,1,Unfurnished,71.49
470,Canada Corner,993,2,1,Apartment,0,0,0,Furnished,61.44
471,Canada Corner,1222,3,1,Apartment,15,7,1,Unfurnished,62.34
472,Nashik Road,1082,2,2,Apartment,3,1,1,Semi-Furnished,46.75
473,Cidco,896,2,2,Villa,19,0,1,Semi-Furnished,49.99
474,Trimbak Road,1537,3,1,Independent House,2,0,1,Furnished,60.79
475,Pathardi Phata,1357,3,2,Independent House,0,0,0,Semi-Furnished,50.31
476,Mahatma Nagar,1182,3,3,Apartment,13,6,1,Unfurnished,48.14
477,Panchavati,1047,2,2,Independent House,16,0,1,Semi-Furnished,51.47
478,Canada Corner,465,1,1,Apartment,14,6,1,Unfurnished,28.77
479,Pathardi Phata,971,2,2,Independent House,13,0,1,Unfurnished,31.01
480,Nashik Road,697,2,1,Apartment,19,10,1,Unfurnished,23.94
481,Cidco,1484,3,1,Independent House,8,0,1,Unfurnished,71.86
482,Deolali,1580,3,3,Independent House,13,0,1,Unfurnished,46.61
483,Deolali,622,1,1,Apartment,11,6,1,Unfurnished,21.33
484,Nashik Road,916,2,1,Villa,11,0,1,Semi-Furnished,44.7
485,Canada Corner,1409,3,1,Apartment,15,5,1,Furnished,72.82
486,Cidco,1195,3,2,Independent House,11,0,1,Unfurnished,54.88
487,Gangapur Road,849,2,2,Apartment,5,4,1,Semi-Furnished,58.44
488,Deolali,473,1,1,Apartment,19,9,0,Semi-Furnished,13.66
489,Gangapur Road,686,1,1,Apartment,7,0,1,Unfurnished,45.41
490,Nashik Road,721,2,2,Apartment,11,4,0,Furnished,32.21
491,Sinner Road,1474,3,3,Villa,3,0,1,Semi-Furnished,48.28
492,Gangapur Road,1041,2,1,Apartment,15,4,0,Unfurnished,55.3
493,Canada Corner,899,2,2,Independent House,1,0,0,Furnished,62.75
494,Satpur,1415,4,4,Apartment,8,4,1,Unfurnished,54.11
495,Cidco,989,3,3,Apartment,2,3,1,Semi-Furnished,47.47
496,Dwarka,618,1,1,Independent House,12,0,0,Unfurnished,28.7
497,Dwarka,1358,3,1,Apartment,4,0,0,Semi-Furnished,68.18
498,College Road,2014,4,1,Independent House,15,0,1,Unfurnished,120.41
499,Canada Corner,1256,3,1,Apartment,14,5,1,Semi-Furnished,63.75
500,Mahatma Nagar,658,2,1,Independent House,17,0,1,Semi-Furnished,33.6
501,Nashik Road,1078,2,1,Apartment,9,11,0,Unfurnished,36.1
502,Pathardi Phata,1119,3,2,Villa,16,0,1,Furnished,36.8
503,Nashik Road,881,2,1,Villa,14,0,1,Furnished,46.71
504,Nashik Road,1488,3,3,Apartment,11,3,1,Semi-Furnished,66.32
505,Dwarka,595,1,1,Independent House,20,0,0,Furnished,25.87
506,Deolali,1351,3,1,Apartment,3,3,1,Furnished,43.43
507,Gangapur Road,974,2,2,Apartment,9,8,0,Furnished,67.39
508,College Road,664,1,1,Apartment,19,7,1,Unfurnished,41.21
509,Ambad,1504,3,1,Apartment,11,9,1,Furnished,66.3
510,Canada Corner,847,2,1,Independent House,18,0,1,Furnished,49.46
511,Gangapur Road,886,2,1,Apartment,19,3,0,Furnished,54.39
512,Canada Corner,986,2,1,Villa,18,0,1,Unfurnished,63.56
513,Panchavati,657,1,1,Apartment,3,2,1,Furnished,29.05
514,College Road,1603,4,1,Independent House,8,0,1,Unfurnished,100.59
515,Satpur,685,1,1,Independent House,2,0,0,Furnished,28.94
516,Indira Nagar,970,2,2,Apartment,12,0,0,Unfurnished,24.53
517,College Road,1079,2,2,Apartment,17,10,0,Semi-Furnished,73.3
518,Mahatma Nagar,437,1,1,Apartment,8,10,1,Unfurnished,22.05
519,Panchavati,1417,3,3,Apartment,11,1,1,Semi-Furnished,54.0
520,Cidco,757,2,1,Apartment,5,11,1,Semi-Furnished,38.73
521,Sinner Road,946,2,2,Villa,6,0,1,Unfurnished,34.69
522,Gangapur Road,1365,3,2,Apartment,9,2,0,Unfurnished,77.47
523,Nashik Road,787,2,2,Apartment,16,3,0,Semi-Furnished,29.26
524,Mahatma Nagar,1658,4,3,Apartment,4,7,1,Semi-Furnished,73.02
525,Gangapur Road,1211,3,1,Villa,7,0,0,Semi-Furnished,121.02
526,College Road,1316,3,2,Apartment,2,2,1,Furnished,106.55
527,Gangapur Road,667,1,1,Apartment,9,0,1,Semi-Furnished,45.65
528,Ambad,1011,2,2,Villa,2,0,0,Unfurnished,44.49
529,Cidco,669,2,2,Apartment,17,8,1,Unfurnished,30.8
530,Cidco,1284,3,1,Villa,7,0,1,Semi-Furnished,80.58
531,Gangapur Road,1427,3,1,Apartment,9,9,1,Furnished,94.79
532,Panchavati,1324,3,3,Apartment,6,3,1,Unfurnished,51.59
533,Canada Corner,452,1,1,Apartment,4,6,1,Furnished,32.18
534,Deolali,909,2,1,Apartment,19,10,0,Semi-Furnished,30.35
535,Deolali,1465,4,2,Apartment,10,1,1,Semi-Furnished,51.18
536,Nashik Road,859,2,2,Apartment,9,4,1,Semi-Furnished,39.48
537,Cidco,698,2,1,Apartment,15,0,1,Semi-Furnished,35.78
538,Gangapur Road,772,2,1,Apartment,15,4,0,Semi-Furnished,55.91
539,Sinner Road,1087,2,2,Villa,5,0,1,Furnished,38.42
540,Cidco,743,2,1,Independent House,15,0,1,Unfurnished,38.85
541,Mahatma Nagar,501,1,1,Apartment,5,4,1,Unfurnished,24.47
542,Ambad,991,3,3,Apartment,13,1,1,Furnished,45.29
543,College Road,466,1,1,Villa,5,0,1,Unfurnished,40.85
544,Pathardi Phata,858,2,1,Apartment,20,3,1,Unfurnished,25.7
545,Canada Corner,1398,3,1,Apartment,9,2,1,Unfurnished,70.44
546,Nashik Road,984,2,1,Apartment,3,10,1,Unfurnished,32.81
547,Trimbak Road,438,1,1,Independent House,6,0,1,Unfurnished,17.61
548,Panchavati,950,3,1,Apartment,2,5,1,Semi-Furnished,45.74
549,College Road,756,2,2,Villa,4,0,0,Unfurnished,66.66
550,Satpur,749,2,1,Villa,6,0,0,Unfurnished,33.51
551,Dwarka,722,2,1,Apartment,16,4,0,Unfurnished,25.03
552,College Road,1246,3,2,Independent House,4,0,1,Semi-Furnished,92.52
553,Gangapur Road,1055,3,2,Apartment,10,0,1,Unfurnished,66.95
554,Gangapur Road,792,2,1,Apartment,9,3,1,Unfurnished,55.37
555,Satpur,1011,2,2,Apartment,12,9,1,Unfurnished,40.48
556,Satpur,1919,4,1,Apartment,11,4,0,Furnished,81.69
557,College Road,763,2,2,Apartment,2,9,1,Unfurnished,45.8
558,College Road,1870,4,3,Apartment,8,11,0,Semi-Furnished,140.86
559,Panchavati,1055,3,2,Villa,10,0,1,Furnished,62.4
560,Gangapur Road,1147,3,1,Independent House,16,0,1,Semi-Furnished,86.78
561,Mahatma Nagar,503,1,1,Apartment,11,5,1,Semi-Furnished,23.05
562,Pathardi Phata,930,2,2,Villa,10,0,1,Unfurnished,27.27
563,Nashik Road,1083,2,2,Apartment,6,11,1,Semi-Furnished,49.47
564,Canada Corner,1022,2,2,Independent House,4,0,1,Furnished,82.88
565,Dwarka,931,2,2,Apartment,6,0,1,Semi-Furnished,42.75
566,Ambad,1395,3,2,Apartment,5,5,1,Semi-Furnished,61.29
567,Trimbak Road,1083,2,2,Independent House,20,0,1,Furnished,35.22
568,Ambad,780,2,2,Apartment,5,6,1,Semi-Furnished,28.84
569,College Road,1070,3,3,Villa,4,0,1,Unfurnished,81.99
570,Mahatma Nagar,1005,2,2,Independent House,13,0,1,Semi-Furnished,44.48
571,Pathardi Phata,841,2,1,Villa,18,0,1,Unfurnished,30.55
572,Indira Nagar,1386,3,1,Villa,17,0,1,Furnished,68.82
573,Pathardi Phata,693,2,2,Apartment,12,0,1,Unfurnished,21.98
574,Indira Nagar,1034,3,1,Independent House,2,0,1,Semi-Furnished,49.92
575,Mahatma Nagar,1430,4,4,Apartment,1,7,1,Furnished,80.94
576,Dwarka,797,2,2,Villa,1,0,1,Unfurnished,44.17
577,Panchavati,1509,3,3,Apartment,18,2,1,Unfurnished,60.16
578,Sinner Road,753,2,2,Independent House,7,0,1,Semi-Furnished,26.91
579,Cidco,488,1,1,Apartment,15,11,0,Semi-Furnished,18.95
580,Indira Nagar,974,2,1,Apartment,8,9,1,Unfurnished,38.68
581,College Road,678,2,2,Independent House,13,0,1,Unfurnished,38.18
582,Panchavati,1308,3,1,Apartment,17,6,1,Unfurnished,51.22
583,Pathardi Phata,1275,3,3,Independent House,4,0,1,Semi-Furnished,51.26
584,College Road,729,2,1,Villa,2,0,1,Semi-Furnished,60.8
585,Sinner Road,937,2,1,Apartment,19,8,0,Semi-Furnished,18.64
586,Cidco,1175,3,2,Apartment,12,9,1,Semi-Furnished,52.7
587,Dwarka,755,2,1,Apartment,13,7,0,Unfurnished,26.97
588,Cidco,436,1,1,Villa,2,0,1,Unfurnished,31.1
589,College Road,666,1,1,Independent House,15,0,1,Semi-Furnished,38.81
590,Trimbak Road,779,2,2,Villa,19,0,1,Furnished,35.51
591,Dwarka,785,2,1,Independent House,4,0,1,Unfurnished,32.04
592,Ambad,944,2,1,Apartment,9,10,1,Semi-Furnished,37.63
593,Gangapur Road,1209,3,1,Apartment,7,8,0,Semi-Furnished,85.37
594,Cidco,875,2,1,Independent House,13,0,1,Unfurnished,38.43
595,Nashik Road,871,2,1,Independent House,11,0,0,Unfurnished,32.12
596,Gangapur Road,689,1,1,Independent House,14,0,1,Unfurnished,44.38
597,Canada Corner,598,1,1,Apartment,1,10,1,Unfurnished,40.26
598,Gangapur Road,958,2,1,Apartment,3,4,0,Unfurnished,58.06
599,Nashik Road,692,1,1,Independent House,7,0,0,Semi-Furnished,24.71
600,Sinner Road,956,3,1,Apartment,4,2,1,Semi-Furnished,31.45
